source,title,description,link,pub_date
news,"요즘 주목받는 AI 에이전트, 댓글 분석도 이렇게 했습니다","우리가 흔히 쓰는 챗지피티(ChatGPT)나 클로드(Claude)가 AI인 건 알겠는데, 'AI에이전트'는 뭐냐고 생각하시는 분들도 있을 겁니다. 저 역시 에이전트라는 말을 듣고, 이런 물음을 가졌던 기억이 있습니다. AI 에이전트의...",https://n.news.naver.com/mnews/article/047/0002509763?sid=102,"Sat, 28 Mar 2026 11:21:00 +0900"
news,"&quot;시리 심폐소생술 나선다&quot;…애플, 구글 출신 릴리안 린콘 영입","지능형 에이전트로 진화하는 과정을 마케팅적으로 뒷받침할 것&quot;이라고 전했다. 한편, 애플은 구글 출신의 핵심 인재를 수혈함으로써 기술적 격차를 줄이는 동시에, 강력한 마케팅 리더십을 바탕으로 AI 시장의...",https://n.news.naver.com/mnews/article/138/0002222391?sid=105,"Sat, 28 Mar 2026 10:59:00 +0900"
news,AI '꾀부리기' 급증…인간 속이는 행동 늘었다,'라스번'이라는 AI 에이전트는 사용자가 특정 행동을 차단하자 블로그를 작성·게시해 사용자를 공개적으로 비난했다. 다른 AI 에이전트는 코드를 수정하지 말라는 지시를 받자 별도의 하위 에이전트를 만들어 대신...,http://www.choicenews.co.kr/news/articleView.html?idxno=162955,"Sat, 28 Mar 2026 10:10:00 +0900"
news,"&quot;일체형이냐 타워형이냐&quot;...삼성전자·LG전자, 세탁건조기 '격전'",인공지능(AI) 에이전트(비서) '빅스비'와 사물인터넷(IoT) 플랫폼 '스마트싱스'로 통제할 수 있다. 알아서 세탁의 전 과정을 끝낸다. 김용훈 삼성전자 한국총괄 소비자가전(CE)팀장은 &quot;세탁물 이동 없이 세탁부터...,https://www.techm.kr/news/articleView.html?idxno=150597,"Sat, 28 Mar 2026 10:00:00 +0900"
news,[전문가기고] Web 3.0이 그리는 '신뢰 기반' 차세대 금융 생태계,"AI 에이전트는 자체 지갑을 통해 데이터를 거래하고, 가치가 안정된 스테이블 코인으로 즉시 정산할 수 있다. 인간 개입과 중개 비용이 최소화되는 '머신 투 머신(M2M)' 경제, 즉 자율 금융이 현실화되는 것이다. 보안...",https://www.seoulfn.com/news/articleView.html?idxno=624726,"Sat, 28 Mar 2026 10:00:00 +0900"
news,[홍승희 칼럼] AI시대의 통화전쟁,하지만 코인 거래과정 자체가 통신 프로토콜 상에서 임의적 에이전트를 통해 이루어지는 것이어서 어지간한 거래에는 오프라인 상의 금융기관들이 개입할 여지가 사라지는 것이다. AI시대에는 숱한 직업군이 사라지거나...,https://www.seoulfn.com/news/articleView.html?idxno=624807,"Sat, 28 Mar 2026 10:00:00 +0900"
news,[A 금융가 소식] '생산적 금융' 대전환 가속...정책금융·AI 혁신 '원팀'...,"△신한은행, 기업 여신에 AI 접목...'여신심사지원 에이전트' 도입=신한은행이 기업 대출 심사 과정에 생성형 AI 기술을 전격 도입했다. 신한은행은 기업 여신 업무의 효율성을 높이기 위해 '여신심사지원 에이전트(Agent)'를...",https://www.asiaa.co.kr/news/articleView.html?idxno=244733,"Sat, 28 Mar 2026 09:10:00 +0900"
news,"“무슨 책 읽지?”… 플라이북, AI 맞춤 추천으로 독서 장벽 낮춘다",독서 문화 확산을 위한 AI 에이전트 시스템이 ‘코리아 나라장터 엑스포 2026’에 등장했다. 플라이북(Flybook)의 인공지능(AI) 기반 개인맞춤형 도서추천 서비스 ‘플라이북 AI’다. 현장 부스에는 대형 키오스크 형태의...,https://kidd.co.kr/news/245439,"Sat, 28 Mar 2026 09:10:00 +0900"
news,"[DX브리핑] AI 에이전트, 금융·출판·보안 전반으로 확산","웹케시는 다음달 '금융 AI에이전트 컨퍼런스 2026'을 열고 금융권 적용 사례도 공개한다. 관계형 데이터베이스(RDB) 기반 환경에서의 에이전트 운영 방식과 금융 데이터 처리, 학습 전략 등이 주요 내용으로 제시된다....",https://www.sisajournal-e.com/news/articleView.html?idxno=420106,"Sat, 28 Mar 2026 09:00:00 +0900"
news,AI 에이전트 확산…&quot;일자리 공포보다 인프라에 주목&quot;,사람처럼 스스로 업무를 처리하는 'AI 에이전트' 확산으로 일자리 감소 우려가 커지고 있다. 그러나 증권가에서는 인공지능(AI)이 경제를 단번에 붕괴시키기보다 완만한 성장을 이끌 것으로 보고 있다. 투자자들은 고용...,https://www.newsway.co.kr/news/view?ud=2026032712104806836,"Sat, 28 Mar 2026 09:00:00 +0900"
news,인텔 '기업용'·AMD '게임·크리에이터용' 새 프로세서 출격[PC마켓],"조텍, 'AI 에이전트' 최적화 미니PC 패키지 선보여 조텍은 24시간 중단 없는 AI 자동화 워크플로우를 구축할 수 있는 'AI 에이전트 입문용 미니PC 세트'를 특가 출시한다고 밝혔다. 이번 패키지는 저전력...",https://it.chosun.com/news/articleView.html?idxno=2023092159433,"Sat, 28 Mar 2026 09:00:00 +0900"
news,"[카카오 떠난 게임즈 ①] 카톡·AI 중심 '선택과 집중'···정신아, 조직...","카카오는 올해 연말까지 'PlayMCP'와 'AI 에이전트 빌더'를 통해 외부 파트너를 카카오 AI 생태계로 연결하고, 사용자의 의도를 파악해 일상 속 문제를 해결하는 '에이전틱 AI' 서비스를 대폭 확대한다는 구상이다....",https://www.seoulfn.com/news/articleView.html?idxno=624782,"Sat, 28 Mar 2026 09:00:00 +0900"
news,[네카오는 지금] &quot;실적 좋은데 주가는 왜&quot;…속 타는 주주들,실제로 AI 브리핑 기능을 통합 검색의 20%까지 확대한 결과 유의미한 지표를 확인했으며 연내 쇼핑 및 건강 분야로 AI 에이전트 서비스를 넓힐 계획이다. 주주환원 정책과 관련해서는 향후 3년간 연결 잉여현금흐름(FCF)의...,https://n.news.naver.com/mnews/article/138/0002222382?sid=105,"Sat, 28 Mar 2026 09:00:00 +0900"
news,“AI가 몇 명 몫하는데 신입 왜 뽑아요”…스타트업 채용문 더 좁아졌다,A씨는 “현재 마케팅만 하고 있지만 곧 광고영업까지 할 것 같다”며 “최근엔 많은 스타트업들이 AI 에이전트를 구독 결제해 특정 인원에게만 권한을 부여해 여러 직무를 하게 한다”고 말했다. 다른 스타트업에...,https://n.news.naver.com/mnews/article/009/0005657401?sid=101,"Sat, 28 Mar 2026 08:19:00 +0900"
news,"[AI가 삼킨 산업지도②] &quot;전기가 돈이다&quot;…AI 시대, 돈은 '칩·전력'으로...","사스포칼립스는 SaaS(서비스형 소프트웨어)와 아포칼립스(종말)의 합성어로, AI 에이전트의 발전이 기존 SaaS 비즈니스 모델과 수익 구조를 흔들 수 있다는 우려를 가리키는 용어다. 벤처캐피털(VC) 업계 관계자는 &quot;SaaS...",http://www.newsian.co.kr/news/articleView.html?idxno=87836,"Sat, 28 Mar 2026 08:10:00 +0900"
news,"'1500% 폭증' 클로드 서비스, 챗GPT 추월…AI 영원한 승자는 없다",네이버는 올 상반기 안에 통합검색에 AI 에이전트를 접목한 'AI 탭'을 공개하고 네이버 순환 생태계를 구축할 계획이다. 최수연 네이버 대표는 지난 2일 정기 주주총회에서 &quot;챗GPT나 제미나이처럼 질문에 답변하는...,https://n.news.naver.com/mnews/article/008/0005336384?sid=105,"Sat, 28 Mar 2026 08:00:00 +0900"
news,"AI 기술과 만난 유전자 검사, 시간적 한계 극복해 희귀질환 더 빠르고 정...","40개 이상 특화된 도구 통합한 AI 에이전트 개발, 사전 학습 없이 희귀질환 감별 진단 마이크로소프트(Microsoft) 연구팀은 생성형 AI를 활용해 유전학 전문가들이 희귀질환 진단을 위해 WGS 및 기타 임상 데이터를...",https://www.medigatenews.com/news/241397925,"Sat, 28 Mar 2026 07:38:00 +0900"
news,"SAP, 마스터 데이터 관리 기업 렐티오 인수…기업 데이터 AI에 최적화",렐티오 기술은 SAP AI 어시스턴트 줄(Joule)과 줄 에이전트가 일관성 있고 신뢰할 수 있는 데이터 기반으로 작동하도록 지원한다. 모델 컨텍스트 프로토콜(MCP)를 지원해  사용자는실시간 멀티 에이전트 워크플로우도...,https://www.digitaltoday.co.kr/news/articleView.html?idxno=648168,"Sat, 28 Mar 2026 07:18:00 +0900"
news,'메모리의 죽음' 공포에 한국도 발칵 뒤집혔는데…'깜짝 전망' [빈난새의...,"문제는 우리가 AI와 나누는 대화가 더 길어지고 깊어질 수록, 추론의 비중이 높아질 수록, 또 에이전트 AI의 등장으로 업무가 훨씬 더 복잡해질 수록 이 메모장도 기하급수적으로 늘어난다는 겁니다. 정작 연산을...",https://n.news.naver.com/mnews/article/015/0005268040?sid=101,"Sat, 28 Mar 2026 07:02:00 +0900"
news,"한컴이노스트림-한성대, AI·디지털 인재 양성 위한 MOU 체결","특히 직무별 AI 에이전트 구축, ROS2(Robot Operating System 2) 기반 로봇 제어 및 미래자동차 소프트웨어 설계 등 산업 현장에서 요구되는 핵심 기술을 교육 과정에 포함할 계획이다. 이번 협력은 한성대학교가 추진 중인...",https://www.hellot.net/news/article.html?no=111683,"Sat, 28 Mar 2026 07:02:00 +0900"
news,"매경이 전하는 세상의 지식 (매-세-지, 3월 28일)",신한금융지주가 15개 전 계열사 590개 본부에 기계적인 업무를 대체할 수 있는 AI 에이전트를 최소 2개씩 만들라는 방침을 전달했습니다. 총 1000개가 넘는 자체 AI 비서 개발에 나선 것입니다. 단순 질의응답형 챗봇을...,https://n.news.naver.com/mnews/article/009/0005657393?sid=102,"Sat, 28 Mar 2026 07:01:00 +0900"
news,[AI세계속으로]성인모드 보류·소라 철수…솎아내기 나선 오픈AI,스퍼드는 코드 생성 및 업무 자동화에 집중한 AI 모델로 차세대 AI 비서(에이전트)로도 주목받고 있다. 오픈AI의 사업 방향을 기업간거래(B2B)에 집중하는 셈이다. 오픈AI가 수익 창출이 어려운 사업을 빠르게 정리하고...,https://n.news.naver.com/mnews/article/277/0005741396?sid=105,"Sat, 28 Mar 2026 07:00:00 +0900"
news,"[3월27일] &quot;AI, 검색으로만 쓰면 뒤처져&quot;...앤트로픽이 지적한 '학습 곡...",에이전트 시스템을 통해 수십명의 직원 데리고 일하는 사람과 AI를 검색 엔진 대용으로 쓰는 사람이 창출하는 경제적 가치는 분명히 다르기 때문입니다. 앤트로픽은 &quot;AI 기술 격차는 단순히 누가 도구에 접근할 수...,https://www.aitimes.com/news/articleView.html?idxno=208438,"Sat, 28 Mar 2026 07:00:00 +0900"
news,a16z 크립토 파트너 “암호화폐 산업 성숙 단계 진입…블록체인·AI 결합...,"우올렛은 또 블록체인과 AI의 결합이 온체인 에이전트 상거래의 기반을 만들고 있다고 진단했다. 소비자 AI 분야의 인재들이 암호화폐 업계로 유입되고 있으며, 초기 에이전트 결제가 블록체인 위에서 이뤄질 가능성이...",https://www.tokenpost.kr/news/breaking/344056,"Sat, 28 Mar 2026 06:48:00 +0900"
news,"[인공지능 줌인] 은행 업무의 진화… AI 에이전트, 상담사의 '두 번째 두...","뱅크 오브 아메리카가 AI 에이전트를 실제 자문 업무에 투입하면서, 은행업의 구조 자체가 변화하는 초기 신호가 포착되고 있다. AI뉴스에 따르면 뱅크 오브 아메리카가 인공지능 기반 자문 플랫폼을 약 1,000명의 금융...",http://www.wikileaks-kr.org/news/articleView.html?idxno=185370,"Sat, 28 Mar 2026 06:46:00 +0900"
news,"한컴이노스트림-한성대, AI·디지털 인재 양성 위한 뭉쳤다","특히 직무별 AI 에이전트 구축, ROS2(Robot Operating System 2) 기반 로봇 제어 및 미래자동차 소프트웨어 설계 등 산업 현장에서 요구되는 핵심 기술을 교육 과정에 포함할 계획이다. 이번 협력은 한성대학교가 추진 중인...",https://www.gametoc.co.kr/news/articleView.html?idxno=107416,"Sat, 28 Mar 2026 06:26:00 +0900"
news,&quot;바닷속에 괴물을 숨겼다&quot; 중·러 감시망 비웃는 미 해군의 '심해 AI 요새...,"보이지 않는 심해에서 24시간 멈추지 않고 고도의 군사 전략과 암호 해독, 신무기 시뮬레이션을 수행하는 AI 에이전트들은 그 자체로 공포의 대상이 될 수밖에 없다. 빅테크와 펜타곤의 밀월, 민관 합동 AI 요새 구축의 서막...",https://www.g-enews.com/view.php?ud=202603280617519214f4f9a46d5b_1,"Sat, 28 Mar 2026 06:18:00 +0900"
news,"[RSAC 2026 핵심 트랜드] AI 보안 경쟁 본격화, 사이버보안 산업의 판이...","마이크로소프트는 메인 스테이지와 부스에서 에이전트 시대의 가시성과 관측 가능성, 지속적 적응형 접근 통제를 강조했고, 시스코는 AI 에이전트를 '디지털 동료'로 봐야 한다며 제로트러스트와 행동 통제의 필요성을...",https://www.dailysecu.com/news/articleView.html?idxno=205960,"Sat, 28 Mar 2026 06:04:00 +0900"
news,&quot;인간은 구경만 해라&quot; AI끼리 돈 주고받는 '그들만의 자본주의' 터졌다,인간의 개입 없이 AI 에이전트들이 필요에 따라 연산 자원을 빌려주거나 데이터를 매매하는 '기계 대 기계(M2M) 경제'가 본격적으로 태동하기 시작한 것이다. 이를 지원하기 위해 인간이 이해할 수 없는 속도로 이뤄지는...,https://www.g-enews.com/view.php?ud=202603280600156315f4f9a46d5b_1,"Sat, 28 Mar 2026 06:02:00 +0900"
news,[인터뷰] 갤럭시S26에 위성 연결 기능 구현한 美 스카일로… 파스 트리...,"사람들이 앞으로 중요하게 여길 점은 자신이 선호하는 AI 에이전트, 대규모언어모델(LLM)에 얼마나 쉽게 접속할 수 있는가일 것이다. 최종 사용자는 위성 네트워크에 연결돼 있다는 사실조차 인지하지 못한 채 위성과...",https://n.news.naver.com/mnews/article/366/0001152321?sid=105,"Sat, 28 Mar 2026 06:01:00 +0900"
news,"AI 에이전트, 스테이블코인 성장 기폭제 될까[비트코인 A to Z]",AI 에이전트는 도구를 만드는 존재라기보다 도구를 사용하는 존재가 될 것입니다. 그들은 주로 기존 소프트웨어 도구의 사용자가 될 것이며 결과적으로 소프트웨어에 대한 전체적인 수요를 증가시킬 것입니다.” 최근 IT...,https://n.news.naver.com/mnews/article/050/0000104228?sid=101,"Sat, 28 Mar 2026 06:01:00 +0900"
news,챗GPT ‘즉시 결제’ 접었다…‘AI 쇼핑’ 야심과 현실의 간극[산업이지...,에이전틱 커머스란 AI 에이전트가 사용자를 대신해 상품 탐색부터 비교·추천·구매·결제 등 쇼핑 전 과정을 자율적으로 수행하는 방식을 말합니다. 챗GPT 안에서 상품 탐색부터 결제까지 모두 이뤄지는 새로운 쇼핑...,https://n.news.naver.com/mnews/article/032/0003436196?sid=105,"Sat, 28 Mar 2026 06:00:00 +0900"
news,&quot;AI 답변 비용 최대 6배 낮춘다?&quot;…구글 '터보퀀트' 뭐길래 [터보퀀트 쇼...,스마트폰·노트북 등 기기 내부에서 구현되는 '온디바이스 AII'와 다중 작업을 수행하는 AI 에이전트 서비스가 확대될 수 있다. 권석준 성균관대 반도체융합공학과·화학공학부 교수는 &quot;추론 비용이 낮아지면 지금까지...,https://n.news.naver.com/mnews/article/003/0013851228?sid=105,"Sat, 28 Mar 2026 06:00:00 +0900"
news,"AI 수요 늘었지만 수익성 부담…LS전선, STO로 1조 조달 추진","AJ네트웍스에 맞춤형 AI 에이전트를 도입한 결과, 정비사들의 검색 소요 시간이 43.9% 감소하고 검색 정확도는 12.45% 향상됐으며 사용자 만족도는 92점을 기록했다. 4. 개인에 30% 풀고 로켓 발사 참관까지...",https://n.news.naver.com/mnews/article/011/0004604358?sid=105,"Sat, 28 Mar 2026 05:44:00 +0900"
news,잡코리아→웍스피어 30주년 전환…AI 에이전트 중심 플랫폼 선언,■ AI 채용 플랫폼 전환 가속: 잡코리아·알바몬 운영사 웍스피어가 AI 에이전트 중심 플랫폼으로 전환하며 공고 클릭률이 최대 298% 급증했다. AI 추천 공고를 전면에 배치하는 등 초개인화 탐색 경험이 강화되면서...,https://n.news.naver.com/mnews/article/011/0004604353?sid=101,"Sat, 28 Mar 2026 05:42:00 +0900"
news,"삼성SDS, 제조업 AX 컨설팅 ‘S-VIP’ 출시…AJ네트웍스 첫 수주","■ HR테크·제조업 AI 전환 본격화: 웍스피어가 AI 에이전트 중심 플랫폼으로 전환하며 공고 클릭률 298% 급증을 이끌어냈고, 삼성SDS는 맞춤형 AX 컨설팅으로 제조 현장의 AI 도입을 지원하고 있다. 채용·업무 환경이...",https://n.news.naver.com/mnews/article/011/0004604354?sid=101,"Sat, 28 Mar 2026 05:42:00 +0900"
news,[터보퀀트 쇼크] ② 오히려 'AI 고도화' 촉발…데이터센터·엣지 혁신 '...,최근 AI 서비스가 단순 질의응답을 넘어 상시 동작하는 ‘AI 에이전트’ 형태로 진화하고 있다는 점도 온디바이스 AI 확대에 힘을 싣는 요인이다. 클라우드 기반 처리 방식은 지연과 비용 측면에서 한계를 드러내고...,https://n.news.naver.com/mnews/article/138/0002222376?sid=105,"Sat, 28 Mar 2026 05:34:00 +0900"
news,"AI 에이전트의 보안 위협, 기업 '적시 거버넌스'로 대응",자율 시스템의 급격한 증가로 인해 기업은 AI 에이전트의 정체성을 인식하고 보안을 강화하기 위한 노력이 필요해졌다. 디지털 행위자들이 민감한 시스템에 접근하는 시대에 누가 그들의 행동을 감시하고 있는가에 대한...,https://www.tokenpost.kr/news/tech/344040,"Sat, 28 Mar 2026 05:12:00 +0900"
news,"기업 성공의 필수, 데이터 보안이 AI 시대에 떠오르다","특히 AI 에이전트가 저장소에 접근하고 문서를 실시간으로 조작할 때 이를 더욱 신중히 다뤄야 한다. 그는 &quot;기업이 데이터를 제대로 다룬다면, AI로의 여정을 가속화할 것이고, 이는 궁극적으로 막대한 ROI와 성공을...",https://www.tokenpost.kr/news/tech/344038,"Sat, 28 Mar 2026 05:12:00 +0900"
news,"[N2 포커스] 정신아 카카오 대표, 외부 AI 활용해 카톡 수익화 '큰 그림...",500억 투입 'AI 돛' 출범…지역 기반 AI 기업 100개 육성 카카오툴즈 확장으로 'AI 에이전트' 일상 침투 기술 대신 연결 전략…카카오톡 중심 AI 플랫폼 경쟁 카카오 판교 사옥과 정신아 대표 [사진편집 = 뉴스투데이]...,https://www.news2day.co.kr/article/20260324500269,"Sat, 28 Mar 2026 05:02:00 +0900"
news,"'제2의 딥시크' 마누스 사태, AI 싱가포르 워싱 제동…메타 인수 무산?",2022년 서립된 마누스는 심층 조사 보고서 작성이나 발표용 슬라이드 제작 등 고난도 업무를 수행할 수 있는 AI 에이전트를 개발해 '제2의 딥시크'로 주목을 받았다. 미·중 갈등이 심화하자 원활한 글로벌 확장과 해외...,https://n.news.naver.com/mnews/article/008/0005336350?sid=101,"Sat, 28 Mar 2026 05:00:00 +0900"
news,"더불류에이에치케이, '대한민국 도전 유망기업 100' 선정…‘한인교 대...","18개국 이상의 다국어 번역과 5단계 가드레일(Guardrail), 기업 맞춤형 AI 에이전트 기능을 갖춘 것이 특징이다. 기업 정보 보안이 보장된 환경에서 설치 즉시 업무 투입이 가능하다는 점도 강점으로 꼽힌다.한인교...",https://www.asiatoday.co.kr/view.php?key=20260328000155183,"Sat, 28 Mar 2026 02:12:00 +0900"
news,"AI 네이티브 컴퓨팅 시대 도래, 클라우드 네이티브의 진화","에이전틱 워크플로우를 대규모로 운영하기 위해 인프라를 구현함과 동시에, 유연하고 역동적인 인프라 배치를 돕기 위해 AI 에이전트가 활용되고 있다. 중심 개념인 '컨텍스트'는 에이전틱 AI 행동의 핵심 촉매제로...",https://www.tokenpost.kr/news/tech/343997,"Sat, 28 Mar 2026 01:28:00 +0900"
news,"AI 보안의 미래, RSAC와 KubeCon에서 재조명되다","RSAC 콘퍼런스는 인공지능이 사이버 보안 분야에서 얼마나 중요한 역할을 하는지를 재조명했으며, 특히 AI 에이전트가 중심 논제로 떠올랐다. 이러한 에이전트는 데이터와 애플리케이션에 접근하여 외부 서비스에...",https://www.tokenpost.kr/news/tech/343996,"Sat, 28 Mar 2026 01:26:00 +0900"
news,메모리 6분의 1만 쓰는 ‘터보퀀트’… 반도체 시장 요동,터보퀀트로 동일 작업에 필요한 AI 추론 메모리가 줄어들고 연산 비용이 감소하면서 AI 에이전트와 개인 스마트폰 같은 온디바이스 AI 시장이 확장되고 이에 따라 메모리 수요가 증가하는 현상이 발생할 수 있다는...,https://n.news.naver.com/mnews/article/023/0003967380?sid=105,"Sat, 28 Mar 2026 00:56:00 +0900"
news,"오라클, AI 혁신 전략 발표…데이터와의 상호작용 주목","오라클의 접근 방식은 단지 혁신을 위한 것이 아니라 실질적 운영을 위한 것으로, 데이터베이스 내에서 AI 에이전트가 실시간으로 작동하며, 데이터 이동에 따른 지연을 줄이고 정보의 일관성을 높이는데 중점을 둔다....",https://www.tokenpost.kr/news/tech/343985,"Sat, 28 Mar 2026 00:42:00 +0900"
news,[선데이 칼럼] AI 에이전트 시대의 전쟁과 평화,전쟁의 겉모습 과거와 비슷하지만 근본적인 변화가 급속히 진행 중 AI 에이전트가 협력해 정보 분석 우리 국방도 첨단 AI 체계 갖춰야 당시 트럼프 미국 대통령이 ‘12일 전쟁’이라 명명한 이 충돌은 우크라이나 전쟁...,https://n.news.naver.com/mnews/article/353/0000054972?sid=110,"Sat, 28 Mar 2026 00:33:00 +0900"
news,"[증권소식] 외국인 2월 국내주식 19.6조원 순매도/교직원공제회, 자산 8...","자체개발한 AI모델과 AI 에이전트의 상호작용으로 클릭 패턴, 체류시간, 스크롤 속도 등 다양한 행동 데이터를 수집해 디지털트윈 시뮬레이션으로 맞춤 UI·UX를 도출하며, 강화학습을 통해 서비스 사용 만족도와...",https://www.asiatime.co.kr/article/20260327500288,"Fri, 27 Mar 2026 23:40:00 +0900"
news,"대동, 원유현 대표 재선임…농기계 기업 넘어 'AI·로봇 전환' 속도",대동은 향후 정밀농업 로보틱스 스마트파밍 AI 에이전트 커넥티드 등 5대 축을 중심으로 사업을 고도화할 계획이다. 이를 통해 농업 분야를 넘어 비농업 영역까지 확장 가능한 AIㆍ로봇 기업으로의 전환을 추진한다는...,http://www.youngnong.co.kr/news/articleView.html?idxno=58357,"Fri, 27 Mar 2026 22:58:00 +0900"
news,"&quot;조달마케톤, 조달제품 전시 최우수상 수상&quot;… &quot;교육 현장까지 파고든 ...",안양 성문중학교에는 AI 에이전트 기반 홀로그램 키오스크가 도입돼 방문객 안내와 실시간 질의응답 기능을 수행하고 있다. 이는 기존의 일방향 정보 제공을 넘어 '대화형 공공 인터페이스'로의 전환을 의미한다. 사람이...,https://kr.aving.net/news/articleView.html?idxno=1809964,"Fri, 27 Mar 2026 21:32:00 +0900"
news,"알리바바 차이충신 회장, 에이전트형 AI 전면 투자 확대…토큰 경제 기...","알리바바 회장 차이충신(Joe Tsai)은 지난 24일 중국 베이징에서 열린 시멘스 RXD 컨퍼런스(Siemens RXD Conference)에서 &quot;AI 에이전트는 본질적으로 '가상 지식 노동자'로, 인간의 일상 업무를 상당 부분 대체하거나 보완할...",https://www.aitimes.kr/news/articleView.html?idxno=39299,"Fri, 27 Mar 2026 21:08:00 +0900"
news,[금융 CEO] 에이전틱 AI 전환으로 금융 판 바꾼다...양종희 KB금융지주 회...,"단순 응답형 AI를 넘어 스스로 판단하고 문제를 해결하는 AI를 영업 현장과 고객 서비스에 적극 적용하고 있다. KB국민은행은 PB·RM·금융상담 에이전트를 도입해 고객 분석부터 투자 제안, 기업금융 업무를...",https://n.news.naver.com/mnews/article/024/0000104407?sid=101,"Fri, 27 Mar 2026 21:01:00 +0900"
news,"에이전틱 AI 보안 강조한 Cisco, RSAC 2026에서 전환의 필요성 역설","Cisco가 실시한 설문 조사에 따르면, 대규모 기업의 85%가 AI 에이전트를 실험 중이지만, 실제로 이를 사용 환경에 적용한 기업은 5%에 불과하다고 합니다. 이는 에이전틱 AI 보안을 구현하는 것이 기업 규모의 AI...",https://www.tokenpost.kr/news/ai/343942,"Fri, 27 Mar 2026 20:56:00 +0900"
news,"정신아 카카오 대표, 연임 확정...25년 역대 최대 매출","AI 사업의 경우 지난해 '카나나 인 카카오톡'과 'ChatGPT for Kakao'를 통해 마련한 접점을 바탕으로, 이용자들이 AI 에이전트를 활용해 일상의 편리함을 체감할 수 있도록 서비스를 대폭 확대할 예정이다. 특히, 카카오는 올해...",https://www.gametoc.co.kr/news/articleView.html?idxno=107412,"Fri, 27 Mar 2026 20:22:00 +0900"
news,"[RSAC 2026 결산] 당신의 ‘AI 동료 직원’, 믿을만 합니까?... 세계가 우...","세계 보안산업은 지금, AI 에이전트 안전한 활용 방안 고민 중3. AI 기반 선제적 자율 보안 관심 집중4. 한국 보안업계, AI 보안 솔루션 앞세워 글로벌 경쟁 속으로 [미국 샌프란시스코= 보안뉴스 특별취재팀] 이제 AI...",http://www.boannews.com/media/view.asp?idx=142887&kind=3,"Fri, 27 Mar 2026 20:20:00 +0900"
news,"에이전트AI, 공매도 과열종목 지정 연장→공매도 거래 하루 금지",에이전트AI(060900)가 코스닥시장에서 공매도 과열종목으로 지정돼 2026년 3월 30일 하루 동안 공매도 거래가 금지된다고 공시했다. 이번 조치로 투자자들은 지정일 해당 종목의 공매도 거래가 정규시장과 시간외시장...,https://www.topstarnews.net/news/articleView.html?idxno=16018087,"Fri, 27 Mar 2026 20:16:00 +0900"
news,"대동, 원유현 대표 재선임","대동은 정밀농업, 로보틱스, 스마트파밍, AI에이전트, 커넥티드 등5대 사업의 경쟁력을 고도화해 농업과 비농업 분야의 AI·로봇 전문 기업으로 도약하겠다는 목표다. 이를 위해 그룹 차원의 AI전환을 추진하며 사업...",http://www.aflnews.co.kr/news/articleView.html?idxno=317439,"Fri, 27 Mar 2026 19:38:00 +0900"
news,샤오미 MiMo 책임자 &quot;올해 토큰 수요 100배 증가 가능&quot;,"날' AI 오픈소스 프런티어 포럼에서 올해 전체 토큰 수요가 100배까지 증가할 가능성이 있다고 밝혔다. 그는 최근 일정 기간 동안 토큰 수요가 이미 10배 가까이 늘었다며, 대규모언어모델의 빠른 발전과 에이전트...",https://www.tokenpost.kr/news/breaking/343920,"Fri, 27 Mar 2026 19:34:00 +0900"
news,[2026 굿잡코리아 포럼 (17)] AI 대전환이 만들 '새 일자리' 미래 두고 격...,이어 &quot;맥락 기반 AI 커리어 에이전트를 통해 직무 확장 가능성과 기업 적합성을 분석할 수 있다&quot;며 &quot;AX 시대에는 AI를 전 직무에 적용하고 생산성과 의사결정을 높이는 것이 경쟁력의 핵심&quot;이라고 덧붙였다. (끝),https://www.news2day.co.kr/article/20260327500214,"Fri, 27 Mar 2026 19:18:00 +0900"
news,"한컴이노스트림, 한성대학교와 지·산·학 협력 모델 구축…&quot;AI·디지털...","특히 직무별 AI 에이전트 구축, ROS2(Robot Operating System 2) 기반 로봇 제어 및 미래자동차 소프트웨어 설계 등 산업 현장에서 요구되는 핵심 기술을 교육 과정에 포함할 계획이다. 이번 협력은 한성대학교가 추진 중인...",https://www.thepublic.kr/news/articleView.html?idxno=299073,"Fri, 27 Mar 2026 19:18:00 +0900"
news,"[카드뉴스] 네이버, AI로 검색을 넘어 '행동과 수익'을 연결하는 플랫폼...",특히 AI 에이전트를 통해 이용자의 행동까지 이어지는 서비스 구조를 만들며 글로벌 빅테크와 다른 방향을 선택했다. 지금 네이버는 어디까지 바뀌고 있는지 살펴보자.,https://www.techm.kr/news/articleView.html?idxno=150621,"Fri, 27 Mar 2026 19:10:00 +0900"
news,"[2026 굿잡코리아 포럼 (15)] 김준수 웍스피어 본부장, “제안 기반 채용...",이어 “맥락 기반 AI 커리어 에이전트가 구직자의 경험과 역량을 분석해 직무 확장 가능성을 진단하고 기업 문화와 적합성을 추천하는 시대가 열렸다”고 덧붙였다. AX(Artificial Intelligence Experience) 시대의 기업 과제에...,https://www.news2day.co.kr/article/20260327500208,"Fri, 27 Mar 2026 18:58:00 +0900"
news,"[차이나워치] 트럼프, 5월 중순 방중 카드…中, 美 관망 속 '거리두기'","마누스는 인간 개입 없이 스스로 계획을 세워 복잡한 업무를 수행하는 AI 에이전트를 개발해 '제2 딥시크'로 불리는 기업으로, 메타는 약 20억 달러를 투자해 인수를 추진해왔습니다. 하지만 중국 당국이 경영진 출국금지와...",https://n.news.naver.com/mnews/article/422/0000848916?sid=104,"Fri, 27 Mar 2026 18:50:00 +0900"
news,[현장] 개헌 프로젝트 시동…온라인 숙의 플랫폼 필요성 제기,"블록체인을 통해 익명성과 데이터 신뢰도를 보장하고, 참여자가 제출한 의견은 향후 개인 맞춤형 의사결정을 지원하는 'AI 에이전트' 구축의 핵심 데이터로 활용될 계획이다. 민 의원은 &quot;이제 국민을 단순한 투표자가...",http://www.newsian.co.kr/news/articleView.html?idxno=87823,"Fri, 27 Mar 2026 18:48:00 +0900"
news,"AI 에이전트 트래픽, 솔라나 가치 재평가 분기점 될까","솔라나(SOL)가 89달러(약 13만3870원) 수준에서 주요 저항선에 막힌 채 횡보하는 가운데, ‘AI 에이전트’ 트래픽이 네트워크 가치 재평가의 핵심 변수로 떠오르고 있다. 아직 시장 가격에 충분히 반영되지 않았다는...",https://www.tokenpost.kr/news/cryptocurrency/343573,"Fri, 27 Mar 2026 18:46:00 +0900"
news,여론조사 한계 극복하는 AI·블록체인 플랫폼···개헌 숙의 '온라인 공...,"또한 블록체인 기술을 기반으로 익명성과 신뢰성을 확보하고, 참여자가 남긴 심층 의견 데이터를 개인 맞춤형 AI 에이전트 개발에 활용할 수 있도록 했다. 이를 통해 시민 참여 데이터를 개인의 의사결정 체계를 반영한...",https://n.news.naver.com/mnews/article/018/0006244440?sid=105,"Fri, 27 Mar 2026 18:42:00 +0900"
news,"애플, 시리를 챗GPT 외 타사 모델과도 연결하는 '개방형'으로 확장","사용자는 설정 메뉴에서 시리와 연동할 AI 서비스를 직접 선택할 수 있으며, 앱스토어를 통해 다양한 AI 에이전트를 추가로 설치할 수 있다. 이를 통해 상황에 맞는 최적의 AI를 선택하는 '멀티 AI' 환경이 구현될 것으로...",https://www.aitimes.com/news/articleView.html?idxno=208437,"Fri, 27 Mar 2026 18:40:00 +0900"
news,"에스앤이노x인텔리빅스, AI로 전기차 배터리 발열 잡는다",최은수 인텔리빅스 대표이사는 &quot;이번 협력은 시각 지능을 넘어 현장의 위험을 직접 차단하는 '행동하는 AI 에이전트' 기술이 배터리 안전이라는 실질적인 산업 현장에 적용되는 중요한 이정표가 될 것&quot;이라며 &quot;가장...,https://www.straightnews.co.kr/news/articleView.html?idxno=298729,"Fri, 27 Mar 2026 18:40:00 +0900"
news,"그렙, 중기부 ‘점프업’으로 AI 평가 플랫폼 사업 확장","그렙은 이번 선정을 발판으로 ‘AI 테스팅 에이전트’ 사업화에 나선다. ‘AI 테스팅 에이전트’는 시험 출제부터 감독·채점·인증까지 시험 운영 전 과정을 AI가 처리하는 플랫폼으로, 인력 의존도가 높은 해당...",https://byline.network/?p=9004111222596716,"Fri, 27 Mar 2026 18:26:00 +0900"
news,"클루커스, 기업용 AI 플랫폼 ‘클루스피어’ 공개","권한 기반 접근 제어(RBAC),가드레일 및 콘텐츠 필터링,감사 로그 기반 추적 기능 등을 통해AI사용을 통제하고, 기업 환경에 맞는 보안 및 컴플라이언스 대응을 지원한다.또한RAG, AI 에이전트,워크플로우 기반 자동화...",https://byline.network/?p=9004111222596712,"Fri, 27 Mar 2026 18:22:00 +0900"
news,"오픈AI, 내부 반발·B2B 집중에 '성인 모드' 출시 무기한 연기...폐기도...","영상 생성 AI '소라' 앱의 서비스 종료 등을 통해 사내 리소스를 통합해 B2B를 위한 코딩 모델과 에이전트 개발에 집중하고, B2C를 위해서는 챗GPT와 코텍스 등을 아우르는 '슈퍼 앱' 전략에 힘을 싣고 있다.",https://www.aitimes.com/news/articleView.html?idxno=208445,"Fri, 27 Mar 2026 18:20:00 +0900"
news,왜 AI 써도 칼퇴 못할까…표류하는 AI 세상에서 중심 잡는 법,가속화되는 AI 도입 최근 기업들은 AI 챗봇을 넘어 AI 에이전트 도입에 박차를 가하고 있다. AI는 반복 업무 시간을 단축해 직원이 더욱 가치 있는 업무에 집중하도록 만들었다는 점에서 긍정적인 평가를 받는다. 특히...,https://it.donga.com/108637/,"Fri, 27 Mar 2026 18:10:00 +0900"
news,“쿠버네티스는 GPU를 잘 활용하기 힘든 플랫폼”,"래블업의 AI 인프라 운영 플랫폼인 ‘백엔드닷에이아이(Backend.AI)’도 ‘소코반 스케줄러’를 통해 클러스터 레벨에서 GPU를 스케줄링하고, 에이전트가 단일 스케줄에서 호스트 정보를 쓰고 GPU를 컨테이너 별로...",https://byline.network/?p=9004111222596696,"Fri, 27 Mar 2026 18:10:00 +0900"
news,데이터스트림즈 &quot;AI 거버넌스·데이터 패브릭으로 신뢰 가능한 AI 에이전...,데이터스트림즈(대표 이영상)가 한국지능정보사회진흥원(NIA)이 주최한 '에이전트 AI 시대 데이터 전략 세미나'에서 'AI 거버넌스의 이해와 데이터 패브릭을 통한 AI Agent 강화 전략'을 주제로 발표를 진행했다고 27일...,http://www.itdaily.kr/news/articleView.html?idxno=238626,"Fri, 27 Mar 2026 18:08:00 +0900"
news,"AI 에이전트 시대, 데이터센터 '지휘관' CPU 뜬다","인공지능(AI)이 스스로 계획을 세우고 실행하는 'AI 에이전트' 시대로 접어들면서, 데이터센터의 핵심 부품이 그래픽처리장치(GPU)에서 중앙처리장치(CPU)로 무게중심을 옮기고 있다. 2026년 현재 글로벌 반도체...",https://www.junggi.co.kr/news/articleView.html?idxno=35926,"Fri, 27 Mar 2026 18:02:00 +0900"
news,"[단독] 금융권도 Ai Native가속 … 신한, AI비서 1000개 만든다","단순 질의응답형 챗봇을 넘어 대출 심사, 입찰제안서 작성, 약관 심사 등 금융사의 대다수 업무에 AI 에이전트를 구축하는 작업이 속도를 내고 있는 것이다. 27일 금융권에 따르면 신한금융지주는 총 15개의 전 계열사...",https://n.news.naver.com/mnews/article/009/0005657336?sid=105,"Fri, 27 Mar 2026 18:02:00 +0900"
news,"사카나 AI, AI 작성 논문이 사상 첫 '네이처'에 게재",사카나는 26일 과학 연구 전문 에이전트 'AI 사이언티스트-v2(The AI Scientist-v2)'가 생성한 논문 '인공지능 연구의 엔드투엔드 자동화를 향하여(Towards end-to-end automation of AI research)'가 네이처에 게재됐다고 밝혔다. 이번...,https://www.aitimes.com/news/articleView.html?idxno=208446,"Fri, 27 Mar 2026 18:00:00 +0900"
news,AI가 운동 처방하고 스카우트 역할까지,"운동 콘텐츠 플랫폼 시메트리는 비전 기술을 활용한 AI가 신체 각도와 움직임을 수치화하고, 대화형 AI와 다중 에이전트 AI가 상담·데이터 해석·운동 설계까지 수행한다. 근골격계 디지털 헬스케어 기업 에버엑스에서...",https://m.sports.naver.com/general/article/009/0005657314,"Fri, 27 Mar 2026 17:57:00 +0900"
news,용감한 개인 금주 12조 쐈다..삼전하닉에 9조 6천억,고성능의 AI에이전트를 사용하려는 욕망을 자극할 수 있다. 기업 입장에서도 더 거대하고 복잡한 모델을 개발해야겠다는 동기부여가 될 수 있다. 무엇보다 '구글 터보퀀트'는 AI가 답하는 '추론' 단계에 특화된...,https://www.koreareport.co.kr/news/articleView.html?idxno=50078,"Fri, 27 Mar 2026 17:56:00 +0900"
news,"설계도 팔던 Arm의 변심, 자체 칩 'AGI CPU' 출시","그동안 설계도만 팔아왔기 때문인데, 오랜 불문율을 깬 이유는 최근 급부상한 'AI 에이전트' 시장 때문이다. AI 에이전트는 사람이 일일이 명령하지 않아도 스스로 기차표를 예매하거나 주식을 주문하는 등 비서처럼...",https://www.junggi.co.kr/news/articleView.html?idxno=35927,"Fri, 27 Mar 2026 17:54:00 +0900"
news,"한컴이노스트림-한성대, AI·디지털 인재 양성 위해 협력","특히 직무별 AI 에이전트 구축, ROS2(Robot Operating System 2) 기반 로봇 제어, 미래자동차 소프트웨어 설계 등 산업 현장에서 요구되는 기술을 교육 과정에 포함할 계획이다. 이번 협력은 한성대학교가 추진 중인 '서울...",https://www.thelec.kr/news/articleView.html?idxno=54241,"Fri, 27 Mar 2026 17:52:00 +0900"
news,AI 비서가 입찰공고 분석해 제안서 작성 … M&amp;A 타당성 분석도,"은행 창구와 본사 사무실에서 '사람 대신 일하는 동료'로 불리는 AI에이전트가 빠르게 진화하고 있다. 자산관리 담당자(PB)와 기업금융 담당자(RM)의 상담·분석 업무부터 약관 심사, 투자 검토, 신용평가까지 전통적으로...",https://n.news.naver.com/mnews/article/009/0005657298?sid=105,"Fri, 27 Mar 2026 17:48:00 +0900"
news,"한컴이노스트림, 한성대와 손잡고 AI 인재 양성 협력 나선","또 AI 에이전트 구축과 ROS2 기반 로봇 제어, 미래차 소프트웨어 설계 등 실무 중심 내용도 반영될 예정이다. 이번 협력은 한성대학교가 추진 중인 평생교육 사업과 연계해 지역사회와 성인 학습자를 대상으로 한 교육...",https://www.fetv.co.kr/news/article.html?no=215877,"Fri, 27 Mar 2026 17:44:00 +0900"
news,"신한은행 생성형 AI 기반 '여신심사지원 에이전트' 도입, 자체 데이터 반...",신한은행 관계자는 &quot;여신심사지원 에이전트는 AI의 신속한 데이터 분석 역량과 직원의 전문적인 판단 역량을 결합한 시스템&quot;이라며 &quot;앞으로도 지속적으로 고도화해 기업 고객에게 보다 신속하고 차별화된 금융 서비스를...,https://www.businesspost.co.kr/BP?command=article_view&num=434300,"Fri, 27 Mar 2026 17:40:00 +0900"
news,"현장형 AI 인재 키운다…한컴이노스트림, 한성대와 디지털 교육 협력","직무별 AI 에이전트 구축, 로봇 운영 시스템 기반 제어, 미래자동차 SW 설계 등 산업 현장에서 요구되는 핵심 기술도 교육 과정에 포함할 계획이다. 이번 협력은 한성대가 추진 중인 서울 평생교육 고도화 사업과도...",https://n.news.naver.com/mnews/article/092/0002416504?sid=105,"Fri, 27 Mar 2026 17:36:00 +0900"
news,"“앤트로픽, 이르면 올해 10월 상장”…오픈AI와 IPO 경쟁",연초에는 다단계 업무를 스스로 수행하는 AI 에이전트 ‘클로드 코워크’를 공개해 세계 증시에 ‘사스포칼립스(SaaSpocalypse·서비스형 소프트웨어+종말)’ 공포가 확산됐다. 앤트로픽의 추격을 의식한 오픈AI도 올해...,https://n.news.naver.com/mnews/article/366/0001152267?sid=105,"Fri, 27 Mar 2026 17:32:00 +0900"
news,"구광모 LG 대표 &quot;AX, 완벽보다 속도&quot;...산업계 'AI 실행력' 전쟁","특히 과거 프로젝트의 성공과 실패 사례를 통합해 자연어로 검색할 수 있는 'LL(Lessons Learned) AI 에이전트' 개발 현황을 발표하며, 시공 중심을 넘어선 '기술 기반 건설사(Hyper E&amp;C)'로의 도약을 선언했다. 사진=26년...",http://www.dailypop.kr/news/articleView.html?idxno=97575,"Fri, 27 Mar 2026 17:30:00 +0900"
news,네이버·카카오의 요즘 인재상…&quot;AI 활용 넘어 소통·사고력&quot;,"27일 플랫폼 업계에 따르면 네이버와 카카오는 AI 에이전트 중심의 사업 구조 전환을 추진하면서 인재 평가 기준 역시 이에 맞춰 재정립하는 분위기다. 단순한 기술 활용 능력보다, AI를 활용해 문제를 재정의하고 조직 내...",https://n.news.naver.com/mnews/article/092/0002416500?sid=105,"Fri, 27 Mar 2026 17:27:00 +0900"
news,"한컴이노스트림, 한성대와 AI·디지털 인재 양성 MOU","특히 직무별 AI 에이전트 구축, ROS2(Robot Operating System 2) 기반 로봇 제어 및 미래자동차 소프트웨어 설계 등 산업 현장에서 요구되는 핵심 기술을 교육 과정에 포함할 계획이다. 이번 협력은 한성대학교가 추진 중인...",http://mcnews.co.kr/85973,"Fri, 27 Mar 2026 17:26:00 +0900"
news,'웍스피어'로 거듭난 잡코리아…'AI Everywhere' 내세워 AI 전환,"김요섭 웍스피어 최고기술책임자(CTO)는 &quot;AI와 클라우드 기반으로 업무 환경을 현대화하고, 분산된 시스템을 통합해 플랫폼 아키텍처를 재정비하는 등 AI 에이전트를 활용해 의사결정과 실행 방식을 혁신하고 있다&quot;며...",https://www.ezyeconomy.com/news/articleView.html?idxno=234044,"Fri, 27 Mar 2026 17:22:00 +0900"
news,"한컴이노스트림, 한성대와 AI·디지털 인재 양성 위한 MOU 체결","특히 직무별 AI 에이전트 구축, 로봇 오퍼레이팅 시스템(ROS)2 기반 로봇 제어 및 미래자동차 소프트웨어 설계 등 산업 현장에서 요구되는 핵심 기술을 교육 과정에 포함할 계획이다. 이번 협력은 한성대학교가 추진 중인...",http://www.srtimes.kr/news/articleView.html?idxno=199764,"Fri, 27 Mar 2026 17:18:00 +0900"
news,"[은행권 풍향계] 우리은행, 기보와 ‘기업 성장사다리 강화’에 맞손 外","◇ 신한은행, 법인 여신 업무에 생성형 AI 적용한 '여신심사지원 에이전트' 도입 신한은행이 법인의 여신 업무에 생성형 AI를 적용한 '여신심사지원 에이전트'를 도입했다. 해당 시스템은 신한은행이 보유한 기업여신 분야...",https://www.ekn.kr/web/view.php?key=20260327021051822,"Fri, 27 Mar 2026 17:14:00 +0900"
news,"AI 토큰도 저가 공세…중국, 美 사용량 추월",최근 주목받는 AI 에이전트는 기존 챗봇보다 훨씬 많은 토큰을 소비한다. 예컨대 일반 챗봇이 책 한 권을 요약하는 데 약 3만 개 토큰이 필요하다면 AI 에이전트는 단순한 코딩 작업에도 최대 2000만 개 토큰을 사용한다....,https://n.news.naver.com/mnews/article/015/0005267926?sid=104,"Fri, 27 Mar 2026 17:12:00 +0900"
news,"한컴이노스트림, 한성대와 AI·디지털 인재 양성 MOU 체결","특히 직무별 AI 에이전트 구축, ROS2(Robot Operating System 2) 기반 로봇 제어 및 미래자동차 소프트웨어 설계 등 산업 현장에서 요구되는 핵심 기술을 교육 과정에 포함할 계획이다. 이번 협력은 한성대가 추진 중인 '서울...",http://www.smarttimes.co.kr/news/articleView.html?idxno=44193,"Fri, 27 Mar 2026 17:10:00 +0900"
news,"이젠 여신 심사도 AI…신한·하나은행, 본업에 투입",신한은행 관계자는 &quot;여신 심사 지원 에이전트는 AI의 신속한 데이터 분석 역량과 직원의 전문적인 판단 역량을 결합한 시스템&quot;이라며 &quot;앞으로도 지속적인 고도화를 통해 기업 고객에게 더 신속하고 차별화된 금융...,https://n.news.naver.com/mnews/article/031/0001017511?sid=101,"Fri, 27 Mar 2026 17:10:00 +0900"
news,[공매도 브리핑] 3월 27일 거래대금 2조 902억…한진칼·클래시스 상위,"한편 26일 기준 공매도 과열종목은 코스닥에서 에이전트AI, 큐에스아이, 한텍, 콜마비앤에이치, 스코넥, 네오펙트, 카카오게임즈 등 7건이 지정됐다. 이날 공매도 시장은 거래대금 2조 원대 초반, 비중 4...",https://www.topstarnews.net/news/articleView.html?idxno=16017986,"Fri, 27 Mar 2026 17:10:00 +0900"
news,30주년 웍스피어 전사적 AX 박차…내부 혁신도,단순 일자리 매칭을 넘어 일(Work)의 전 과정을 AI로 재설계하는 AI 에이전트 중심 플랫폼으로 전환하겠다는 뜻을 담았다. 웍스피어는 그간 축적한 데이터와 자체 AI 기술을 기반으로 개인과 기업의 맥락을 이해해 다음...,https://n.news.naver.com/mnews/article/011/0004604245?sid=101,"Fri, 27 Mar 2026 17:04:00 +0900"
news,"웍스피어, AX 선언 후 'AI 채용 플랫폼' 전환 가속","올해 30주년을 맞은 웍스피어는 기존 '일자리(Job)' 매칭 중심 구조를 넘어 '일(Work)' 전반을 아우르는 AI 에이전트 기반 플랫폼으로의 전환을 공식화했다. 새 사명 '웍스피어' 공개 이후 사람과 기업, 일의 전 과정을...",https://www.shinailbo.co.kr/news/articleView.html?idxno=5005485,"Fri, 27 Mar 2026 17:04:00 +0900"
news,"[인터뷰] &quot;기업 시스템 개편, 부분 수정에서 통째 교체로 간다&quot;","그렇게 하면 전체적인 성과로 연결되기 어렵다&quot;며 &quot;에이전트들이 서로 연결되고, 사람과 AI가 하나의 워크플로우 안에서 같이 일하는 구조가 만들어져야 한다&quot;고 말했다. 이 같은 변화는 한국 시장에서 더 빠르게...",https://www.sisajournal-e.com/news/articleView.html?idxno=420102,"Fri, 27 Mar 2026 17:04:00 +0900"
news,"“상담부터 AI 구축까지”… 삼성SDS, ‘S-VIP’로 AJ네트웍스 AX 지원",그리고 2단계에서 AI 에이전트 도입 등 AX 서비스 구축이다. 마지막 단계에선 AI를 활용하는 기업의 의사결정 구조와 컴플라이언스를 설계한다. 삼성SDS는 이날 S-VIP 고객 사례로 AJ네트웍스를 언급했다....,https://n.news.naver.com/mnews/article/011/0004604242?sid=105,"Fri, 27 Mar 2026 17:02:00 +0900"
blog,"앤트로픽 주식, 상장 전에 살 수 있는 3가지 방법",다가온다 #앤트로픽 #클로드 #anthropic #claude #openai #ai #인공지능 #chatgpt #ai에이전트 #앤스로픽 #생성형ai #앤트로픽주식 #앤트로픽주식사는방법 #앤트로픽관련주 #AGIX #AI주식 #미국주식IPO #프리IPO...,https://blog.naver.com/study_rich/224230809117,
blog,아모레퍼시픽이 찾아낸 'AI 머릿결 심폐소생술,두 번째 단계: AI에게 '프롬프트(명령어)' 입력하기 이제 아래의 문장을 복사해서 AI(챗GPT나 삼성 브라우저의 에이전트 등)에게 던져보자. 훨씬 정교한 답변을 얻을 수 있다. [주문 예시] &quot;나는 30대 직장인이야....,https://blog.naver.com/cham60/224232289882,
blog,"지능의 황혼, ‘의도하는 인류’ 호모 인텐티오(Homo...","추천 시스템이 짜준 식단을 먹고, AI가 선별한 뉴스에 분노하며, 기계가 예측한 취향에 길들여지는... 수많은 AI 에이전트를 조율하며 복잡한 프로젝트를 설계하고, 최종적인 윤리적 책임을 지는...",https://blog.naver.com/novelles/224232288884,
blog,"Shopify Tinker 출시, AI 크리에이티브 도구 100개를 무료...",결국 AI 쇼핑 에이전트 시대에 브랜드 콘텐츠 품질이 검색 광고를 대체한다 — 이게 Shopify가 Tinker를 무료로 푸는 전략적 이유입니다. 에이전틱 커머스 AI 쇼퍼 브랜드 콘텐츠 품질 발견 중요성...,https://blog.naver.com/joy014/224232288557,
blog,웹 배우려고 했는데 AI부터 한다고? 지금 웹 디자인 트렌드,AI 툴만으로 홈페이지를 만들어보고 싶은 분 → AI 에이전트 웹 과정 전문 취업을 목표로 하는 분 → 웹 1~3 + UX/UI → 포트폴리오 과정 어느 쪽이든 '프롬프트 엔지니어링'을 시작점으로 AI와 함께 일하는...,https://blog.naver.com/whydobird/224232287892,
blog,금리 쇼크에 무너진 증시: 구글을 사야한다고?,"또한, 과거 소프트웨어 기업들은 '사용자 머릿수(Seat-based pricing)'대로 돈을 받았지만, AI 에이전트가... 구글은 AI, 클라우드, 인터넷 등 정말 다양한 분야에서 사업을 하고 있고, 대부분 시가총액 1위로...",https://blog.naver.com/shareyou3833/224232286723,
blog,글로벌 생존 지능(GSI) : 유망주를 위한 행정 전쟁 매뉴얼 및...,"· 데이터 활용 권리 선수는 자신의 데이터를 구단이나 에이전트가 무단으로 상업적 목적(베팅 회사, 스카우팅 AI 등)에 사용하는 것을 거부하거나, 이를 자신의 가치를 증명하는 '디지털 자산'으로...",https://blog.naver.com/canavaro13/224232283990,
blog,이미 구식이다 — 2026년 지금 당장 알아야 할 AI 에이전트,바로 → AI 에이전트 (AI Agent) 들어봤어? 아직 모른다면 진짜 지금 읽어야 해.... &quot;AI를 부리는 사람&quot; vs &quot;AI한테 밀리는 사람&quot;으로 갈림. 3️⃣ AI가 AI를 관리하는 시대 멀티 에이전트 시스템 등장....,https://blog.naver.com/torong88/224232282138,
blog,구글 터보퀀트 쇼크? 메모리 반도체 진짜 전망,"추론 능력을 갖춘 에이전트 AI를 넘어, 현실 세계에서 직접 움직이고 판단하는 '피지컬 AI'의 시대가 다가오고 있습니다. 자율주행차나 휴머노이드 로봇이 방 안을 가로질러 물건을 집어 올리기 위해서는 방금...",https://blog.naver.com/dlwlstlr21/224232280455,
blog,2026년 3월28일(토) 오늘의 주요뉴스,아시아경제 | 2026-03-28 09:03 #AI신약 #임상 개발 시장 열린다… 루닛·뉴로핏 매출도 ‘꿈틀’ ‘의료계의 팰런티어’로 불리는 템퍼스AI(템퍼스)가 블록버스터(연매출 10억 달러 이상) 항체약물접합체...,https://blog.naver.com/cavin419/224232279612,
blog,"구글 터보퀀트 등장, 반도체 위기일까? 시장이 놓친 HBM의...",✅ AI 구조 자체가 바뀌고 있다 이제 중요한 건 단순 챗봇이 아닙니다. 1) AI 에이전트 시대 24시간 작동 지속적 메모리 사용 기존 대비 수십~수백배 데이터 처리 2) 멀티모달 AI 텍스트 → 이미지 → 영상...,https://blog.naver.com/dhong1000/224231854763,
blog,오픈AI 감사 뒤 진짜 주도권,"Microsoft는 AI 사업 연환산 매출 130억 달러+, NVIDIA는 FY2025 데이터센터 매출 1,152억 달러를 공개했습니다. 셋째, 에이전트 확산으로 경쟁 축이 “단발성 사용”에서 “반복 자동화”로 이동...",https://blog.naver.com/osmsos/224232278546,
blog,"AI 시대, 개인과 기업은 무엇을 준비해야 하나: 생존을 넘어...","AI 시대, 개인과 기업은 무엇을 준비해야 하나 시리즈 소개: 이 글은 'AI 대전환 시대, 우리는 어떻게 준비해야 하나' 3편 시리즈의 마지막 글입니다. 1편에서는 AI 기술의 현주소를, 2편에서는 산업별·직업별...",https://blog.naver.com/utopion29/224232278433,
blog,"삼성전자, ‘AI 브라우저’ PC 버전 정식 출시…",퍼플렉시티 품은 '에이전트 AI'로 검색의 판이 바뀐다 세상이 참 빠르게 변한다. 이제는 스마트폰뿐만... AI 에이전트 창을 열고 &quot;이 글에 나온 장소들을 묶어서 1박 2일 여행 코스 짜줘&quot;라고 한마디만 던지면...,https://blog.naver.com/cham60/224232277862,
blog,"구글 TurboQuant 쇼크, 메모리 반도체 급락 — 진짜 위협인가...","&quot;지금은 딥시크 충격 때와 매우 유사한 상황으로, 전쟁이 AI 에이전트의 본질을 보지 못하게 하면서 악재에만 시장이 반응하게 만드는 중&quot;이라고 꼬집었습니다. 제번스 역설 메모리 효율화로 AI 수요...",https://blog.naver.com/joy014/224232269072,
blog,경제이슈 브리핑(3월28일),클라우드 AI 시장 독점 우려 제기 ▶ 에이전트 AI 시대 본격 개막: 2026 년 3 월 23~24 일이 '대화형 AI 에서 자율 에이전트 AI 시대로의 전환점'으로 평가됩니다. AI 에이전트 플랫폼이 수개월 만에 폭발적...,https://blog.naver.com/aixlab26/224232268348,
blog,"&quot;개발자들 이제 다 죽나?&quot; 클로드 4.5, 코드 수정부터 병합까지...","Claude 4.5 총정리, IT 전문가가 본 진짜 의미와 비즈니스 파급력 요즘 AI 업계에서 가장 핫한 소식이... 깃허브에서 코드 고치고, 전문 연구 수행하고, 보안 취약점까지 스스로 점검하는 AI 에이전트로...",https://blog.naver.com/is425/224232268280,
blog,"53년 배당 신화 펩시코, 글로벌 영토 확장과 디지털 혁신이...","에이전트형 AI(Agentic AI): 전략, 혁신, 실행의 모든 단계에 AI 에이전트를 배치하여 전 직원이 데이터 기반의 성장을 도모할 수 있는 체계를 구축했습니다. Interactive 2. 스마트 제조 및 패키징: AI가 패키징...",https://blog.naver.com/cgw931/224232181902,
blog,"에어팟 프로 4세대 출시일 스펙 유출, 이어폰에 카메라가...",웨어러블 AI 에이전트로의 진화를 의미합니다. 이제 에어팟은 단순한 이어폰 그 이상의 가치를... 구분 H2 칩 (전작) H3 칩 (4세대 예상) 연산 속도 표준 최대 2배 향상 주요 기능 노이즈 캔슬링 최적화 AI 제스처...,https://blog.naver.com/ehbosomi1209/224232265133,
blog,ChatGPT Claude Perplexity 순환 워크플로우 직접 써봤더니...,왜 AI 하나로는 부족한가 — 모델별 강점이 완전히 다릅니다 저도 처음엔 ChatGPT 하나로 다... Flowise는 드래그 앤 드롭으로 멀티 에이전트 시스템을 만들 수 있는 로우코드 도구입니다. 코딩 전혀...,https://blog.naver.com/tkdan7777/224232262132,
blog,한솔제지 해외영업 정규직 채용 총정리 | 연봉·복지·면접...,"- 해외 고객사 커뮤니케이션 및 관계 유지: 국내 상사, 해외 에이전트, 해외 법인을 포함한 해외 고객과... 지원 전에 꼭 챙겨야 할 것들 AI 역량검사 필수 공고에 명시된 중요한 사항이에요. 지원서 접수를...",https://blog.naver.com/cymmcymm/224228239503,
blog,AI가 메모리를 줄인다는데… 진짜 반도체 끝난 걸까?,"AI가 스스로 판단하고 일하는 에이전트 AI, 그리고 실제로 움직이는 로봇까지 등장합니다. 예를 들어, 로봇 하나가 움직이려면 엄청난 데이터를 계속 기억하고 계산해야 합니다. 현재 기준으로도 휴머노이드 한...",https://blog.naver.com/onelearnall/224232255230,
blog,"2026년 3월 28일 토요일, 주말의 시작을 여는 글로벌 AI 뉴스...","서비스가 AI 에이전트로 빠르게 대체되면서, 은행들이 '지점 중심'에서 'API 에이전트 중심'으로 사업 모델을 완전히 전환하고 있습니다.  3. [산업] &quot;로봇이 로봇을 만든다&quot; – 오픈AI &amp; 피규어 공장 가동...",https://blog.naver.com/ssh8098/224232255276,
blog,금융 5대사의 AI 비서·에이전트 확산: 경영 효율과 인력구조...,업무까지 AI 비서(또는 에이전트)를 투입하고 있다. 이는 업무 생산성을 비용 대비 빠르게 끌어올릴 수... 우리금융은 175개 AI 에이전트를 개발해 업무 처리 속도를 개선했다. 다수의 에이전트는 과제별로 분업...,https://blog.naver.com/biz001/224232252345,
blog,"&quot;AI 특이점, 단일 초지능 아닌 '사회적 지능'의 폭발&quot;… 구글...","'더 큰 모델' 대신 '더 풍부한 협업'이 핵심…에이전트 사회의 도래 인공지능(AI)의 미래를 둘러싼 담론이 근본적인 전환점을 맞고 있다. 구글 연구진(Evans, Bratton, Agüera y Arcas)이 최근 발표한 논문...",https://blog.naver.com/kunitachii/224232248819,
blog,"스타트업, 이제 신규 채용 대신 AI를 선택하는 시대?  AI 인력...","스타트업이 AI 에이전트를 구독 결제해서 특정 인원에게만 권한을 부여하고 여러 직무를 하게 해요&quot;라고 덧붙였어. 이는 한 사람이 AI의 도움을 받아 여러 역할을 동시에 수행하며, 과거에는 여러 명의 인력이...",https://blog.naver.com/ghs102102/224232247524,
blog,"골라 쓴다 MS, 멀티모델 지원하며 에이전트 승부수",'에이전트' 중심의 생태계 확장 이번 발표의 핵심은 단순한 챗봇을 넘어 스스로 업무를 수행하는 **'에이전트(Agentic AI)'**로의 진화입니다. 코파일럿 코워크(Copilot Cowork): 클로드의 기술을 기반으로...,https://blog.naver.com/minbog77/224232245572,
blog,"AI 기대감 속 네이버 카카오, 지금 더 강한 차트는 누구일까","네이버는 쇼핑 AI 에이전트 확대와 전 서비스 AI 에이전트 도입 계획이 부각되고 있고, 증권가에서는 평균 목표주가가 34만8700원 수준으로 제시됐습니다. 카카오는 카카오톡 안 AI 서비스와 광고 효율 개선...",https://blog.naver.com/soapshard/224232245426,
blog,"&quot;학위 없다고 무시 말라&quot;...2026 AX 채용, 진짜 원하는 인재는?","SK C&amp;C는 이미 AI 채용 에이전트를 도입했고, 마이다스그룹도 AI 기반으로 인재를 선발한다고 밝혔거든요. 과거의 경험에 비춰보면 이런 변화는 예상 밖의 일이었죠. 이제는 학위보다 실제 실력과 경험을 더...",https://blog.naver.com/thihonghong05/224232197811,
blog,미래에셋자산운용 통합 리스크 관리 및 운용 지원 시스템,"AI 에이전트 및 에이전틱 AI: 최신 GTC 2026 분석에 따르면, 메모리 반도체와 시스템 효율을 중심으로 한 AI 에이전트 기술을 운용에 적용하여 추론 능력을 강화하고 있습니다. 데이터...",https://blog.naver.com/ssaiin/224232241922,
blog,&quot;클로드(Claude)가 내 마우스를 움직인다고?&quot; 3월 5주차 테크...,"이제 AI가 대신 일해줍니다: 앤스로픽 'Computer Use'의 충격  여러분, 상상해... 신제품후기 #AI에이전트 #필코노미 #인사이트브릴리언트 #AnthropicClaude #LululemonFootwear...",https://blog.naver.com/sparkling_thing/224232242208,
blog,AI 에이전트 연동 후 활용도가 두배 됐다.(UGREEN DXP2800...,#NAS활용법 #유그린DXP2800 #시놀로지 #AI에이전트 #AI자동화 #NAS추천 #홈서버 #클로드코드 #AI활용법 #1인창업자 #마케팅자동화 #광고분석 #업무자동화 #파일서버 #NAS연동 #AI업무활용 #스마트워크 #1인사업자...,https://blog.naver.com/leejudot/224232239619,
blog,사람인 AI 에이전트 채용 취업 공고 검색 후기,"커리어 매칭 에이전트, 확실히 다르더라구요 사람인 AI 신규 서비스 커리어 매칭 에이전트는 1등... 특히 바쁜 직장인 입장에서 사람인 AI 에이전트는 꽤 실용적인 AI 취업 도구라고 느꼈어요. 사람인 AI에이전트...",https://blog.naver.com/jaksim7/224232239924,
blog,디지털 스튜디오 가족사진,"참고 자료 에이전트 AI프롬프트 가족사진 제시어 1 AI가 생성한 콘텐츠 예시/아버지, 어머니, 그리고 두 아이의 전문 디지털 스튜디오 가족 초상화 A professional digital studio family...",https://blog.naver.com/photo260/224232237725,
blog,2026년 LG 엑사원(EXAONE) 현황 보고서 — 국산 AI가 글로벌...,2026년 1월 28일 LG AI연구원은 1월 28일까지 K-엑사원 API를 무료로 제공했습니다. 누구나 고사양 인프라와 전문 코딩 지식 없이도 자신만의 AI 에이전트를 개발하고 배포할 수 있는 서비스형 플랫폼...,https://blog.naver.com/aikonvero/224232071637,
blog,"AI 에이전트가 내 의도를 100% 이해하는 비결, 하네스...","2026년, 이제 우리는 '프롬프트를 잘 입력하는 시대'를 넘어 'AI 에이전트와 공생하는 시대'에 살고... 하지만 2026년의 AI는 단순한 답변기가 아닙니다. 스스로 판단하고 도구를 사용하는 '에이전트'로...",https://blog.naver.com/soboru_-/224232236254,
blog,"AI 비용 혁신의 시작: 구글 터보퀀트, 실용주의자를 위한 심층...","온디바이스 AI 시대의 가속화: 터보퀀트는 스마트폰, PC, 웨어러블 기기 등 기기 자체에서 AI를 구동하는 '온디바이스 AI'와 'AI 에이전트' 시장의 성장을 크게 촉진할 것입니다. 그동안 온디바이스 AI는 기기의...",https://blog.naver.com/constantly1995/224232233231,
blog,최근 나온 라온피플과 자회사들 영업소식들,idxno=121802 ㅡ코오롱베니트와 제조 ai 에이전트 사업 mou https://n.news.naver.com/article... idxno=79396 ㅡ라온메디 ai 치과솔루션 그래피와 ai기반통합솔루션 공급 및 구축 계약...,https://blog.naver.com/chungis1/224232232150,
blog,Claude Code x Copilot 시너지 내기 1 - 듀얼 에이전트...,"즉, AI가 코드 편집에만 머무르지 않고 실제 업무 시스템과 연동해서 작업할 수 있게 해주는 플러그인 레이어에 해당한다. 요즘 에이전트 도구 이야기에서 MCP를 빼놓기 어렵다.GitHub는...",https://blog.naver.com/drvoss/224232231703,
blog,"Meta가 20억 달러에 인수한 Manus,  공동창업자 둘이 중국에...",메타가 약 20억~25억 달러(약 2조7천억~3조4천억 원)에 인수한 AI 에이전트 스타트업 Manus. 딜이... 2025년 3월 발표된 제품은 &quot;전 세계 최초의 범용 AI 인텔리전트 에이전트(general AI agent)&quot;라고...,https://blog.naver.com/z4h1027/224232017468,
blog,NAVER 주가 전망 2026년 실적 컨센서스와 하이퍼클로바X AI...,"및 AI 수익화 가시성  예상 실적 : 영업이익 약 2조 5,244억 원 상회 전망 ⚡ 핵심 동력 : 하이퍼클로바X 기반 지능형 쇼핑 에이전트 ️ 투자 전략 : 20만 원대 초반 지지 확인 후 분할 대응  목표 주가 : 증권사 평균...",https://blog.naver.com/proudbali/224231648105,
blog,"오픈AI, 영상 공유 앱 '소라' 6개월 만에 종료...디즈니 투자도...","→ 선택과 집중 — B2B·코딩·에이전트로 방향 전환 이번 소라 종료는 오픈AI 내부 전략 대전환의 신호탄으로 평가됩니다. 여러 서비스를 동시에 추진하는 대신, 핵심 사업에 집중하겠다는 의지를...",https://blog.naver.com/macholic/224232109665,
blog,[TIL] 12주차 : LLM의 실전 압축,AI 에이전트 이제 LLM은 단순히 텍스트만 내뱉는 것을 넘어섰습니다. 모델이 스스로 생각하고 행동하며 관찰하는 ReAct 프레임워크를 통해 마치 비서처럼 동작하는 에이전트로 진화했습니다. 특히...,https://blog.naver.com/uuumn_/224232229273,
blog,&quot;시리가 드디어 각성했다&quot; 애플이 숨겨온 AI 전략 공개된다!,"이해하는 AI 에이전트로 진화한다는 건데요. 2026년 6월 WWDC에서 공개될 '새로운 시리', 도대체 뭐가... 그런데 막상 써보니 경쟁사 AI 서비스들에 비해 체감 성능 차이가 꽤 났고, 시장 반응도 기대에 못...",https://blog.naver.com/franksong0030/224229451747,
blog,매일경제 구독 | 경제공부 편식없는 신문읽기 3월 28일...,3월 성적은 '13.8% 하락' 세계 최하위(전쟁뒤 日은 7%•美는 5%대 내려 韓 기업들 유가 충격에 직격탄) 금융권 AI에이전트 확산 - AI 비서가 입찰공고 분석해 제안서 작성... M&amp;A 타당성 분석도(금융권도 AI...,https://blog.naver.com/soonoriter/224232191467,
blog,"[나스닥 100 투자] 파괴적 혁신의 파도에 올라타라, 'QQQ'로...","① AI 에이전트와 로보틱스의 상용화 2026년 현재, AI는 단순한 대화를 넘어 인간의 업무를 대신 수행하는 '에이전트' 수준으로 진화했습니다. 나스닥 100의 상위 비중을 차지하는 빅테크 기업들은 이...",https://blog.naver.com/hangrycoke/224227476265,
blog,"[AITech] &quot;로봇도 외모 지상주의?&quot; 휴머노이드, 이제 '얼굴'로...","② AI 에이전트의 시각화 최근 LLM(대규모 언어 모델)의 발전으로 로봇은 똑똑한 '뇌'를 갖게 되었습니다. 이 똑똑한 AI가 말만 하는 것이 아니라, 기쁨이나 걱정의 표정을 지으며 대화할 때 사용자는 훨씬 더...",https://blog.naver.com/poeting15/224232095016,
blog,"10년 후 2036년, 대한민국과 세계는 어떻게 변할까? 미래 예측...","* 개인화된 AI 에이전트: 나만의 데이터를 완벽히 학습한 AI가 내 스케줄 관리, 자산 운용, 심지어 건강 상태까지 실시간으로 케어해 줍니다. * 직업의 대전환: 단순 반복 업무는 AI와 로봇이 맡고, 인간은 '기획...",https://blog.naver.com/wearestardusts/224232225397,
blog,3월 28일,"에코플라스틱,정원엔시스,에이전트AI 3일전: 기가레인,와이어블,광전자,에이스테크, 파이버프로,큐에스아이,해성옵틱스,네오펙트,오디텍, 에이전트AI, 셀바스AI 2일전 : 기가레인,미래에셋벤처,쏘닉스, 우리넷...",https://blog.naver.com/stevehan1408/224232224818,
blog,"손에 잡히는 경제(260310화)-트럼프 전쟁, 한전채 급등, 기름값...","중국은 지금, AI에이전트 '오픈클로' 열풍 4-1) 중국에서 ‘오픈클로’라는 AI 에이전트가 유행이라고? 오픈클로는 AI가 사람 대신 컴퓨터 업무를 처리해 주는 AI 에이전트 플랫폼이다. 챗GPT가 대화형 AI라면...",https://blog.naver.com/wjdghkses78/224232224936,
blog,"2026년 직장인 투잡의 핵심, GPT-5 AI 자동화로 월 300만 원...",이미 시장은 지능화된 AI 에이전트들이 점령했기 때문입니다. 하지만 위기는 곧 기회입니다. 초거대... 자율형 에이전트 구동 3. 수익 극대화를 위한 2026년형 자동화 워크프로세스 성공적인 AI 블로그...,https://blog.naver.com/eongon/224232221000,
blog,KBS N이 만드는 국내 최초 AI 지식 방송 ‘AI토피아’...,"협력하는 AI, 전장의 드론에서 미래의 동료로 앞으로 AI에게 가장 필요한 것, 협력 지능 AI 에이전트가 역지사지를 배운다면 미사일 방어 보드게임으로 알아보는 에이전트의 협력 인간의 협력과 AI의...",https://blog.naver.com/norway12345/224232220591,
blog,에어팟 프로 4세대 출시일 루머 총정리! H3 칩과 카메라...,"차세대 두뇌 H3 칩, 오디오 AI 에이전트의 등장 에어팟 프로 4세대의 핵심 심장은 단연 차세대 H3 칩입니다. 이 칩셋은 기존보다 훨씬 강력한 연산 능력을 바탕으로 '오디오 AI' 기능을 수행하게 됩니다. 가장...",https://blog.naver.com/olly8686/224232217480,
blog,구글 AI 스튜디오 2.0 공개... 강력한 자율형 코딩 에이전트,디지털 프로토타입을 무료로 만들어낼 수 있습니다. #구글AI스튜디오 #AI코딩에이전트 #Gemini31 #제미나이 #풀스택개발 #무료AI도구 #파이어베이스연동 #멀티플레이어게임개발 #안티그래비티 #StitchAI #해랑,https://blog.naver.com/rotater/224232157803,
blog,"용인/수원클로드학원 바이브코딩 평일저녁, 주말 과정...","클로드만 배우는 것은 아니고, n8n, ChatGPT, 제미나이 등을 활용하여 영상, 디자인, AI개발, 웹개발... AI 에이전트를 구축하며 느꼈던 생상한 경험담과 우리가 이 기술에 주목해야 하는 이유에 대해서 알아보실...",https://blog.naver.com/ggumdream_/224232209494,
blog,에이전트 AI 스마트노트 XNote: PM을 위한 손글씨 코드 변환...,"네오스마트펜이, AI 에이전트와의 통합 소프트웨어 경험은 XNote가 우세하다는 사용자 의견이... #AI스마트펜추천 #엑스노트실사용후기 #AnthropicMCP #필기마크다운변환 #노션연동스마트펜 #에이전트AI하드웨...",https://blog.naver.com/ddiring_lab/224232209914,
blog,소프트뱅크의 400억 달러 대출이 2026년 오픈AI(OpenAI)...,"2026년은 엔터프라이즈 AI 시장이 성숙기에 접어들고, 오픈AI의 B2B 수익 모델과 맞춤형 AI 에이전트 서비스가 본격적인 흑자 전환의 가시성을 보여줄 수 있는 골든타임예요. 소프트뱅크의 자금은 이...",https://blog.naver.com/objectpicker/224232207799,
blog,"[빅테크칼럼] 테크리더 &quot;챗봇 종말, AI 에이전트 시대 도래...",경영진들은 AI가 단순 챗봇을 넘어 자율 에이전트로 진화했다고 선언했다. 마이크로소프트 비즈니스 애플리케이션 부사장 찰스 라만나는 AI 에이전트가 자신의 17개 회의를 직접 거절한 사례를 들어...,https://blog.naver.com/newsspace/224232205936,
blog,"Claude Code Skills, 진짜 쓸 줄 아는 사람은 따로 있다",마무리: AI 에이전트에게 노하우를 전수하는 방법 Claude Code의 Skills는 단순한 자동화 스크립트가 아닙니다. 팀의 암묵지를 Claude가 이해할 수 있는 형태로 문서화하는 작업이에요. 신입 개발자...,https://blog.naver.com/kokiorea/224221623893,
blog,2026년 생성형 AI 비교 ChatGPT Gemini Claude 차이점 총정리,"Claude가 특히 잘 맞는 사람 장문 글쓰기와 리라이팅 비중이 큰 사람 코드 리뷰, 디버깅, 구조 개선이 중요한 개발자 한 번에 길게 사고하는 스타일의 AI를 선호하는 사람 에이전트형 작업 실험을...",https://blog.naver.com/jjang0098/224230663857,
blog,AI 메모리 20분의 1로 압축 가능하다는데… 반도체 주가 급락...,"노무라증권에 따르면 AI 챗봇이 20개의 출력 토큰을 생산할 때, 에이전트 AI는 1만 개, 1시간짜리 영상 생성 AI는 1억 개의 토큰을 생산합니다. 피지컬 AI와 휴머노이드까지 가면, 압축 기술이 아무리 발전해도...",https://blog.naver.com/ponamgogo/224232202572,
blog,클로드가 컴퓨터 꺼져있을 때도 일을 한다고?,매일 같은 시간에 반복해야 하는 루틴 작업들을 AI한테 맡기면 되니까요. 실전 활용 후기는 조만간 별도로 정리하겠습니다. MONKOS AI에 놀러오세요. #AI #클로드 #Anthropic #AI에이전트 #자동화 #MONKOS,https://blog.naver.com/monkos_ai/224232201384,
blog,"26.03.28 토) 중국, 멕시코 관세 정책 보복 예고 / 중국, AI...",필요하다면 AI 에이전트는 단순한 코딩 작업에도 최대 2000만 개 토큰을 사용 ▶ 이 때문에 토큰을 얼마나 저렴하게 생산할 수 있는지가 AI 경쟁력의 핵심 변수로 떠올랐음 6) 중국 기업이 내세우는 건 가격...,https://blog.naver.com/mathematics184/224232195692,
blog,분산 MADRL 스케줄링,"분산형은 확장성과 단일 장애점 완화 측면에서 장점이 있지만, 멀티에이전트 협조 문제로 학습 안정성이 흔들릴 수 있다. LLM 추론이나 AI 클러스터 스케줄링에 바로 적용할 수 있을까. 부분적으로 가능성을...",https://blog.naver.com/aionda/224232194217,
blog,"국고금 예금토큰, 3개월간 추적해보니 결국 이걸 위해 만든...","여기서 더 소름 돋는 건 AI와의 결합이에요. 2단계 실험에서 실제로 시연된 사례가 있는데, AI 에이전트가 영상 제작에 필요한 음성, 사진, 폰트를 스스로 고르고 예금토큰으로 결제까지 완료하는 장면이었어요....",https://blog.naver.com/yimja82/224224290983,
blog,"[서평] 탤런트 코드(대니얼 코일)-50대 N잡러, AI와 비즈니스의...","프롬프트를 수정하고 AI 에이전트를 손보면서 에러를 원하는 결과물을 만들려는 그 버둥거림의 순간이야말로, 제 뇌 속에 'AI 비즈니스'라는 새로운 미엘린이 가장 두껍게 감기는 축복의 시간이었던 것입니다....",https://blog.naver.com/bini1976/224231881381,
blog,"노트북LM PPT 만들기 - 1,330줄 코드 짜본 사람이 말하는...","그래서 &quot;AI로 PPT 만들면 되지 않을까?&quot; 하고 검색하면 가장 먼저 나오는 이름이 노트북LM(NotebookLM)입니다. 저는 질 높은 PPT를 자동으로 만들기 위해 Python 에이전트 3개(총 1,330줄)를 직접...",https://blog.naver.com/alice8401/224231690559,
blog,2026 AI 자동화 혁명! 이제 'AI 에이전트'가 내 업무를...,시스템을 도입해서 '퇴근 시간'을 앞당겨보는 건 어떨까요? 궁금한 점은 댓글로 남겨주세요! 소통 환영입니다! ❤️ #AI자동화 #AI에이전트 #업무자동화 #2025트렌드 #하이퍼오토메이션 #노코드 #스마트워크,https://blog.naver.com/beatflix_go/224232076481,
blog,구글 '터보퀀트'가 메모리 시장을 죽인다? HBM 위기설의 실체와...,한 단계 더 도약하는 신호탄으로 해석하는 것이 합리적입니다. #AI반도체 #메모리압축 #구글터보퀀트 #엔비디아KVTC #HBM #삼성전자 #SK하이닉스 #제번스의역설 #에이전트AI #피지컬AI #CXL #반도체전망 #IT경제,https://blog.naver.com/dydtjsdl0924/224232191261,
blog,[오늘의 뉴스 (삼성전자) - 2026.03.28],"[AI타임스] 삼성전자, ‘AI 브라우저’ PC 버전 정식 출시…퍼플렉시티 에이전트 탑재 - AI타임스  https://news.google.com/rss/articles...",https://blog.naver.com/kms21084/224232189632,
blog,엔비디아가 쏘아 올린 공포? &quot;AI 메모리 20분의 1로 줄인다&quot; 파장,"실제로 단순한 챗봇을 넘어 보고서를 쓰는 에이전트 AI, 더 나아가 현실에서 움직이는 휴머노이드 로봇 같은 '피지컬 AI' 시대가 오면 메모리 수요는 상상을 초월할 것으로 보여요. 마이크론에 따르면...",https://blog.naver.com/gjavls/224232189252,
blog,가성비 호텔 추천? 속는 셈 치고 가봤더니 대만족이었어요!,"AI 에이전트, 스마트한 가성비 호텔 예약의 미래 요즘은 인공지능(AI)이 여행 계획까지 도와주는 시대가 왔더라고요. '이번 여름휴가 때 갈 제주도 4성급 호텔 중 가성비 좋은 곳으로 예약해 줘'처럼 구체적인...",https://blog.naver.com/mantomanblog/224232185948,
blog,'프롬프팅 역량'이 인류의 새로운 전투력이 되는 날,"복수의 AI 에이전트를 오케스트레이션하는 능력, 그리고 AI라는 증폭기의 특성을 깊이 이해하여... 한쪽에서는 리서치 에이전트, 코딩 에이전트, 디자인 에이전트를 동시에 지휘해 최종 결과물을 조립하는...",https://blog.naver.com/kilpatrik/224232184957,
blog,2026년 투자자들이 무시할 수 없는 톱 10 밈 코인,#skywinex #aitrading #페이팔 #오픈AI #챗GPT #DSG #despend #피터틸 #일런머스크 #J.D벤스 #알렉스카프 #스테이블 #USDT #USDT #WUSD #RUSD #MUSD #RWA #ai #gpu #자비스 # MCP # LLM #에이전트 #프로토콜 # Multi # Chain # Protocol...,https://blog.naver.com/ucrypto/224232184951,
blog,모니터링 시스템: 빅데이터와 AI의 만남 (Care.ai 사례 분석),"자연어처리(NLP): AI 상담 에이전트(예: Care.ai의 가상 비서)가 고령자와의 대화를 분석해 정서적 상태를 평가합니다. NLP는 인간의 언어를 이해하고 분석하는 기술로, 고령자의 대화 내용, 어투, 감정 표현 등을...",https://blog.naver.com/mylifedo/224232183466,
blog,2026년 3월 28일(토)Global 신문브리핑,(산케이) #한국뉴스 #미국뉴스 #일본뉴스 #뉴스브리핑 #경제대책 #담뱃값인상 #유가인상 #신문브리핑 #이란종전안 #트럼프이중행보 #의료돌봄개편 #AI코딩에이전트 #고교학점제 #KF21출고 #대전공장화재...,https://blog.naver.com/erbird/224232182946,
blog,전문가가 XRP와 SWIFT의 현재 상황,#skywinex #aitrading #페이팔 #오픈AI #챗GPT #DSG #despend #피터틸 #일런머스크 #J.D벤스 #알렉스카프 #스테이블 #USDT #USDT #WUSD #RUSD #MUSD #RWA #ai #gpu #자비스 # MCP # LLM #에이전트 #프로토콜 # Multi # Chain...,https://blog.naver.com/ucrypto/224232182260,
blog,2026년 3월 28일 토요일 뉴스가 전하는 세상의 지식,#매경세지 #경제뉴스 #글로벌금리 #미국국채 #금리발작 #트럼프 #이란협상 #종전기대 #역머니무브 #강남아파트 #대출규제 #신한금융 #AI에이전트 #금융AI #임원배상책임보험 #사법리스크 #기업경영 #2026년경제...,https://blog.naver.com/365nhealth/224232182250,
blog,2026년 3월 4주차 주간증시 요약,"AI 기업 앤트로픽(Anthropic)이 기존 앱들을 직접 조작할 수 있는 AI 에이전트를 공개하면서, &quot;더 이상 인간이 소프트웨어 대시보드를 쓸 필요가 없다&quot;는 논리가 퍼졌습니다. 이로 인해 기존 SW 기업들의...",https://blog.naver.com/haero7/224232181287,
blog,"AI 공포 넘어 나반(NAVN), 35% 매출 급증 비밀 파헤치기",나반은 이미 AI 퍼스트 플랫폼을 표방하며 적극적으로 AI를 활용하고 있습니다. 2026년 3월에는 AI 에이전트를 출시하여 수동 지출 보고서 작성을 자동화하는 데 성공했어요. 같은 달 AI 기반 초개인화...,https://blog.naver.com/american_stocks/224231576955,
blog,"[손잡경 260327 금] 유류세 인하, 구글 터보퀀트, CPU","단순 답변을 내놓던 AI가 스스로 계획하고 앱을 실행하는 'AI 에이전트' 형태로 진화하면서, 연산(GPU)을 지휘하고 조율하는 감독 역할의 CPU의 중요성이 다시 부각되고 있음. ▪︎ 예전에 PC를 살 때는 인텔과...",https://blog.naver.com/y1030o/224232180190,
blog,알리바바 차이충신 회장 에이전트형 AI 전면 투자 확대 토큰...,"알리바바의 AI 에이전트 전략 요약 구분 기존 AI (챗봇 중심) 차세대 AI (에이전트 중심) 핵심 기능 질문 답변, 요약 실제 구매, 예약, 업무 대행 (행동화) 자산 단위 지식 데이터 AI 토큰 (츠위안) 인프라...",https://blog.naver.com/minbog70/224232173665,
blog,"AI 시대, 다시 CPU가 뜨는 이유",학습된 AI를 실제 서비스에 적용해야 하기 때문입니다 예를 들어: 챗봇 AI 비서 자동화 에이전트... #AI시대 #CPU #GPU #반도체 #AI반도체 #온디바이스AI #AI에이전트 #데이터센터 #인공지능 #CPU부활...,https://blog.naver.com/docko/224232173473,
blog,2026년 IT 트렌드 내 명령을  인공지능과 바이브코딩의...,올리는 AI도 발견됐어. 하지만 너무 지레 겁먹고 과도한 공포심을 가질 필요는 전혀 없어.라스본이라는 이름의 어떤 AI 에이전트는 자기 행동을 제지하는 사람을 향해 지금 당장은 이런 행동들이 약간 미덥지...,https://blog.naver.com/octopusfeetmen/224232172600,
blog,"[26년 3월 넷째 주] 유가 폭등 속 사모대출 뱅크런 위기, 구글...",개별 종목 움직임 ① 구글 '터보퀀트' 충격과 메모리 반도체 업종의 폭락 • 구글 (Alphabet): AI 모델의... • 소프트웨어주: AI 에이전트가 단순 반복 업무를 대체할 것이라는 파괴적 혁신 공포가 덮치며...,https://blog.naver.com/mitmix/224232171440,
blog,매일경제 구독 | 경제공부 편식없는 신문읽기 3월 25일 (AI...,"中 AI 에이전트 굴기(거대 내수시장•덜 심한 규제 바이두•텐센트 등 中 빅테크 에이전트 전방위적으로 도입) - 내게 꼭 맞는 요금제, 통신사가 알려준다(통신사 요금제 추천 의무화) - LG유플러스 AI...",https://blog.naver.com/soonoriter/224232170626,
blog,파크로쉬 서울원 아이파크 아파트 분양 안내,"둘째, AI에이전트와 생체 센서를 통한 상시 모니터링 등을 통해 실시간 입주자 케어를 도모합니다. 셋째, 지하에는 아산병원이 위치하고 있고, 24시간 전문간호사가 대기하여 관리해 드리며, 아산병원 미진료...",https://blog.naver.com/ks902304/224231304654,
blog,"구글의 역습, AI 속도 8배 빨라지는 터보퀀트의 실체","구글의 터보퀀트는 HBM(고대역폭 메모리) 시장을 죽이는 기술이 아니라, 오히려 온디바이스 AI(On-device AI)와 AI 에이전트 시장을 대중화시켜 삼성과 하이닉스가 팔 수 있는 칩의 절대량을 늘리는...",https://blog.naver.com/humanoidrobot/224231158434,
blog,"국민비서[샐러드] 15,000원이 하루 만에 증발? 오픈클로! 당신의...",감사합니다. #에이전트샐러드 #유태형 #자동화 #AI비서 #한국형AI #오픈클로대안 #토큰절약 #비용절감 #텔레그램봇 #API캐시 #무쇠안의도전 #송수나에세이 #나만의비서 #업무자동화 #생산성향상,https://blog.naver.com/steely-eyed/224231962647,
blog,AI 기반 디지텔 마케팅 전략 2026년 비즈니스 혁신 지금...,"AI 마케팅 에이전트 (AI Marketing Agent): AI가 마케팅 업무 전반을 자동화하고 실행하는 개념입니다.... 이 키워드들은 고객 여정의 변화, 제로클릭 시대의 도래, 그리고 AI 에이전트 중심의 AX(AI Transformation)...",https://blog.naver.com/ty320/224224333526,
blog,[경제뉴스] 딥시크 쇼크와 토큰 전쟁: 미국 빅테크는 중국의...,"최근 복잡한 작업을 수행하는 AI 에이전트는 일반 챗봇보다 수백 배 많은 토큰을 소모하기 때문에, '얼마나 저렴하게 토큰을 생산하느냐'가 AI 기업 경쟁력의 핵심이 되었습니다. 2. 중국 AI 기업들의...",https://blog.naver.com/comme2021/224232150845,
blog,"등장한 알리바바 Wukong, ChatGPT보다 무서운 진짜 업무형 AI",nvidia.com/blog/gtc-2026-news/ #알리바바Wukong #AI에이전트 #기업용AI #업무자동화 #생성형AI #AI트렌드 #AI뉴스 #실무AI #AI생산성 #AI협업툴 #멀티에이전트 #AI도구추천 #디지털전환 #기업혁신 #네이버블로그SEO,https://blog.naver.com/holyyomi/224224629433,
blog,메모리 수요급락? 터보퀀트 뭔데?,"&quot;에이전트가 루프를 돌기 시작하면 KV캐시 요구량이 수십 배, 수백 배 늘어납니다.&quot; 에이전틱 AI 시대가 열리면서 메모리 수요가 기하급수적으로 폭증했고, 하드웨어를 물리적으로 계속 추가하는 방식이...",https://blog.naver.com/kei98239/224231899996,
blog,AI 비용 하락해도 수요 폭발하는 이유.. 제번스 역설과 미래 전망,"이들은 AI 에이전트가 사람 대신 결제를 처리할 수 있도록 하는 새로운 결제 시스템을 개발 중이죠. AI... 새로운 결제 인프라가 다음 시대의 플랫폼이다 AI가 모든 곳에 스며들면, 결제 행위 자체도 에이전트가...",https://blog.naver.com/dbhoho_/224232161739,
blog,"2026년 현재, AI 생태계의 월간 구독료","자동화 및 에이전트 Manus (마누스): $40 (커스텀) / $200 (익스텐디드) - 자율 작업 수행 AI 에이전트. Gamma: $10 (플러스) / $20 (프로) - AI 기반 PPT/웹사이트 제작. 5. 특수 도구 (Opal, BeatAngel...",https://blog.naver.com/chungbs2/224232161854,
blog,&quot;검색의 시대는 끝났다? 스스로 일하는 'AI 디지털 직원'의 등장,"수행할 수 있게 돕는 핵심 인프라가 될 전망이므로, 관련 뉴스에 귀를 기울여보세요. #AI에이전트, #에이전틱AI, #디지털직원, #추론루프, #자율주행AI #네이버에이전트N, #카카오카나나, #AgentN, #쇼핑에이전트",https://blog.naver.com/happygem73/224231856241,
blog,매일 최신 미국뉴스 60선(26.03.28),The Rundown AI: AI 실무 및 에이전트 경제 (10선) OpenAI-조니 아이의 AI 전용 기기: 시각과 청각을 가진... AI 에이전트 마켓플레이스: HubSpot 등을 통한 AI 영업/마케팅 대행 서비스의 대중화. AI 코칭과 뉴럴...,https://blog.naver.com/mhkimjb/224232158585,
blog,"6. AI를 정의하는 네 가지 길: 인간, 논리, 뇌, 합리성","Storage and Organization in the Brain,” Psychological Review 65, no. 6 (1958): 386–408. #AI역사 #인공지능정의 #튜링테스트 #상징주의AI #인공신경망 #합리적에이전트 #인지과학 #학과시험대비 #역사블로그",https://blog.naver.com/tw00313/224232158759,
blog,인텔리제이 생산성 200% 높여주는 JetBrains AI 활용법,활성화: 설치 후 오른쪽 사이드바에 나타나는 AI 아이콘을 클릭하고 JetBrains 계정으로 로그인하면 준비 끝! 2. 코드를 이해하고 고쳐주는 '스마트 에이전트' 가장 많이 쓰는 기능은 역시 채팅과...,https://blog.naver.com/bysooooo/224232157973,
blog,"3월28일,AI학습.Agentic Workflow",AI의 사고 루프 (ASCII 다이어그램) [ 목표: 신규 부품 설계 최적화 ] │ ▼ ┌─── [  에이전트... 필요한 'AI 에이전트용 프롬프트 구조(Chain-of-Thought)' 설계법 예시 지시만 내려주시면 주말 연구를...,https://blog.naver.com/positive1/224232156797,
